{"coco/bbox_mAP": 0.176, "coco/bbox_mAP_50": 0.324, "coco/bbox_mAP_75": 0.172, "coco/bbox_mAP_s": 0.073, "coco/bbox_mAP_m": 0.187, "coco/bbox_mAP_l": 0.268, "data_time": 0.0022639566898345945, "time": 0.02582376928329468}